"Work Item Type","Title 1","Title 2","Title 3","Description","Acceptance Criteria","Story Points","Tags","Priority","State","Area Path","Iteration Path","Assigned To"
"Epic","Toegang En Authenticatie","","","<p>For (Who): inwoner (ingelogde burger via DigiD)</p><p>The (Is a): Inwonerportaal Verius Samen</p><p>That: veilige, herleidbare toegang tot het eigen dossier met sessiebeheer en herkenbare navigatie</p><p>Our solution: DigiD-authenticatie, automatisch en handmatig sessiebeheer en een vaste, configureerbare portaalstructuur</p><p>Success criteria:</p><ul><li>Portaal uitsluitend toegankelijk na succesvolle DigiD-authenticatie</li><li>Na inloggen alleen gegevens van de ingelogde inwoner (op BSN) zichtbaar</li><li>Sessie wordt na inactiviteit automatisch beeindigd</li><li>Vaste menustructuur en huisstijl, responsive op desktop/tablet/smartphone</li></ul><p>In scope: DigiD-login, sessiebeheer, navigatie en huisstijl voor het X-Works-portaal</p><p>Out of scope: alternatieve WIZ-inlog (Epic 10), eHerkenning (vervallen)</p>","","","inwonerportaal; toegang; authenticatie; epic-1","1","New","Verius","Verius",""
"Feature","","Inloggen Met DigiD","","<p>Levert veilige, herleidbare toegang tot het inwonerportaal via DigiD-authenticatie. Binnen Epic 1 is dit de toegangspoort: zonder geslaagde DigiD-inlog is geen dossiergegeven zichtbaar, en getoonde data is altijd herleidbaar tot de ingelogde inwoner op basis van BSN.</p>","<ul><li>Portaal is uitsluitend toegankelijk na succesvolle DigiD-authenticatie</li><li>Na inloggen worden uitsluitend gegevens van de ingelogde inwoner (op basis van BSN) getoond</li><li>Bij mislukte of afgebroken authenticatie krijgt de inwoner geen toegang tot dossiergegevens</li></ul>","","inwonerportaal; toegang; authenticatie; epic-1; digid","1","New","Verius","Verius",""
"User Story","","","S1.1.1: Inloggen met DigiD","<p>Als inwoner</p><p>Ik wil inloggen met DigiD</p><p>Zodat ik veilig en herleidbaar toegang krijg tot mijn eigen dossier</p>","<ul><li>Het portaal is uitsluitend toegankelijk na succesvolle DigiD-authenticatie</li><li>Na inloggen worden uitsluitend gegevens van de ingelogde inwoner (op basis van BSN) getoond</li><li>Bij mislukte of afgebroken authenticatie krijgt de inwoner geen toegang tot dossiergegevens</li></ul>","5","inwonerportaal; toegang; authenticatie; epic-1; digid","1","New","Verius","Verius",""
"Feature","","Sessiebeheer","","<p>Beschermt de gegevens van de inwoner door sessies na inactiviteit automatisch te beeindigen en een handmatige afmeldoptie te bieden. Dit borgt de veiligheid van het dossier wanneer een apparaat onbeheerd achterblijft.</p>","<ul><li>Resterende sessietijd wordt getoond aan de inwoner</li><li>Na verstrijken van de sessietijd wordt de inwoner automatisch afgemeld</li><li>Op elke pagina is een knop Afmelden beschikbaar</li><li>Na afmelden zijn dossiergegevens niet meer toegankelijk zonder opnieuw in te loggen</li></ul>","","inwonerportaal; toegang; authenticatie; epic-1; sessie","2","New","Verius","Verius",""
"User Story","","","S1.2.1: Sessie automatisch beeindigen na inactiviteit","<p>Als inwoner</p><p>Ik wil dat mijn sessie automatisch wordt beeindigd na inactiviteit</p><p>Zodat mijn gegevens beschermd zijn</p>","<ul><li>Er wordt een resterende sessietijd getoond (... tot uw sessie automatisch wordt beeindigd)</li><li>Na verstrijken van de sessietijd wordt de inwoner automatisch afgemeld</li><li>Na automatische afmelding zijn dossiergegevens niet meer toegankelijk zonder opnieuw in te loggen</li></ul>","2","inwonerportaal; toegang; authenticatie; epic-1; sessie","2","New","Verius","Verius",""
"User Story","","","S1.2.2: Handmatig afmelden","<p>Als inwoner</p><p>Ik wil handmatig kunnen afmelden</p><p>Zodat ik mijn sessie zelf kan afsluiten</p>","<ul><li>Er is op elke pagina een knop Afmelden beschikbaar</li><li>Na afmelden zijn dossiergegevens niet meer toegankelijk zonder opnieuw in te loggen</li><li>Bij het opnieuw benaderen van een dossierpagina na afmelden wordt de inwoner teruggeleid naar de DigiD-login</li></ul>","2","inwonerportaal; toegang; authenticatie; epic-1; sessie","2","New","Verius","Verius",""
"Feature","","Portaalstructuur En Navigatie","","<p>Biedt een vaste, herkenbare menustructuur (Mijn overzicht en Zelf regelen) met gemeentelijke huisstijl en responsive weergave. Dit maakt het portaal vindbaar en herkenbaar en voorkomt lege of verwarrende schermen voor niet-toepasbare modules.</p>","<ul><li>Hoofdmenu Mijn overzicht toont submenu's: Persoonlijke gegevens, Lopende zaken, Wmo, Jeugdwet, Uitkering(en), Documenten</li><li>Hoofdmenu Zelf regelen toont submenu Aanvragen</li><li>Gemeentenaam/huisstijl (logo, Loket Sociaal Domein) is zichtbaar in de header</li><li>Portaal is responsive voor desktop, tablet en smartphone</li><li>Modules zonder gegevens tonen een duidelijke lege staat in plaats van een fout</li></ul>","","inwonerportaal; toegang; authenticatie; epic-1; navigatie; huisstijl","2","New","Verius","Verius",""
"User Story","","","S1.3.1: Vaste herkenbare menustructuur tonen","<p>Als inwoner</p><p>Ik wil een vaste, herkenbare menustructuur</p><p>Zodat ik mijn weg makkelijk vind</p>","<ul><li>Het portaal toont een hoofdmenu Mijn overzicht met submenu's: Persoonlijke gegevens, Lopende zaken, Wmo, Jeugdwet, Uitkering(en), Documenten</li><li>Het portaal toont een hoofdmenu Zelf regelen met submenu: Aanvragen</li><li>De gemeentenaam/huisstijl (logo, Loket Sociaal Domein) is zichtbaar in de header</li><li>Het portaal is responsive en geschikt voor desktop, tablet en smartphone</li></ul>","3","inwonerportaal; toegang; authenticatie; epic-1; navigatie","2","New","Verius","Verius",""
"User Story","","","S1.3.2: Niet-toepasbare menu-items passend afhandelen","<p>Als inwoner</p><p>Ik wil dat menu-items die voor mij niet van toepassing zijn passend worden afgehandeld</p><p>Zodat ik geen lege of verwarrende schermen zie</p>","<ul><li>Modules zonder gegevens tonen een duidelijke lege staat (bijv. Geen ... gevonden) in plaats van een fout</li><li>De inwoner krijgt bij een lege module geen technische foutmelding te zien</li><li>Aandachtspunt voor latere klantbevindingen: tonen/verbergen van lege modules</li></ul>","2","inwonerportaal; toegang; authenticatie; epic-1; navigatie","2","New","Verius","Verius",""
"User Story","","","S1.3.3: Portaal aanpassen aan gemeentelijke huisstijl","<p>Als gemeente</p><p>Ik wil het portaal kunnen aanpassen aan onze huisstijl</p><p>Zodat het herkenbaar bij onze gemeente past</p>","<ul><li>Naast logo en gemeentenaam zijn ook lettertype en kleurstelling instelbaar</li><li>Wijzigingen in de huisstijl zijn zichtbaar in het volledige portaal</li><li>Bevinding Westerkwartier #27 (look and feel / huisstijl uitbreiden) is afgedekt</li></ul>","3","inwonerportaal; toegang; authenticatie; epic-1; huisstijl","2","New","Verius","Verius",""
"Epic","Persoonlijke Gegevens Inzien En Wijzigen","","","<p>For (Who): inwoner die zijn bij de gemeente bekende gegevens wil controleren en actueel houden</p><p>The (Is a): Inwonerportaal Verius Samen</p><p>That: inzage in persoons-, contact- en bankgegevens en gecontroleerde mutatie daarvan</p><p>Our solution: read-only inzage in drie tabbladen (Persoonsgegevens, Contactgegevens, Bankrekeningen) verbreed met geverifieerde wijzigingen die in X-Works worden verwerkt</p><p>Success criteria:</p><ul><li>Inwoner ziet minimaal naam, BSN, geboortedatum en verblijfsadres zoals bij ons bekend</li><li>Alle bekende telefoonnummers en bankrekeningen zijn inzichtelijk</li><li>E-mail, telefoon, IBAN en inkomenswijzigingen kunnen geverifieerd worden doorgegeven zonder dubbele registratie</li></ul><p>In scope: inzage en gecontroleerde mutatie van eigen persoonsgegevens (PvE 35/58, geen dubbele registratie PvE 60)</p><p>Out of scope: wijzigingen door derden; goedkeuringsstap nog te bevestigen (ticket #1757, C1)</p>","","","inwonerportaal; inzage; persoonsgegevens; epic-2","1","New","Verius","Verius",""
"Feature","","Persoonsgegevens","","<p>Geeft de inwoner read-only inzage in zijn kerngegevens zodat hij kan controleren of ze kloppen. Toont ook het correspondentieadres als dat afwijkt van het verblijfsadres (bevinding Westerkwartier #2).</p>","<ul><li>Minimaal naam, BSN, geboortedatum en verblijfsadres (straat + postcode/plaats) worden getoond</li><li>Gegevens zijn read-only en herkenbaar afkomstig zoals bij ons bekend</li><li>Een afwijkend en actueel correspondentieadres wordt ook getoond</li><li>Is geen correspondentieadres bekend, dan wordt er geen leeg of foutief veld getoond</li></ul>","","inwonerportaal; inzage; persoonsgegevens; epic-2; persoon","2","New","Verius","Verius",""
"User Story","","","S2.1.1: Persoonsgegevens inzien","<p>Als inwoner</p><p>Ik wil mijn persoonsgegevens inzien</p><p>Zodat ik kan controleren of ze kloppen</p>","<ul><li>Getoond worden minimaal: Naam, BSN, Geboortedatum, Verblijfsadres (straat + postcode/plaats)</li><li>De gegevens zijn read-only en herkenbaar afkomstig zoals bij ons bekend</li><li>De inwoner kan de getoonde persoonsgegevens niet bewerken vanuit dit scherm</li></ul>","2","inwonerportaal; inzage; persoonsgegevens; epic-2; persoon","2","New","Verius","Verius",""
"User Story","","","S2.1.2: Afwijkend correspondentieadres tonen","<p>Als inwoner</p><p>Ik wil mijn correspondentieadres zien als dat afwijkt</p><p>Zodat ik weet waar post heen gaat</p>","<ul><li>Indien een correspondentieadres bekend en actueel is, wordt dit ook getoond onder Persoonsgegevens</li><li>Is geen afwijkend correspondentieadres bekend, dan wordt geen leeg of foutief adresveld getoond</li><li>Bevinding Westerkwartier #2 (#1757) is afgedekt</li></ul>","2","inwonerportaal; inzage; persoonsgegevens; epic-2; persoon","2","New","Verius","Verius",""
"Feature","","Contactgegevens","","<p>Geeft de inwoner inzage in de bij de gemeente bekende contactinformatie via een eigen tabblad. Toont alle bekende telefoonnummers met type (bevinding Eemsdelta/MG #7) zodat de inwoner niet onterecht denkt dat een nummer ontbreekt.</p>","<ul><li>Contactgegevens zijn bereikbaar via een eigen tabblad binnen Persoonlijke gegevens</li><li>Alle bij de gemeente bekende nummers worden getoond, niet alleen het primaire nummer</li><li>Per nummer is het soort/type herkenbaar (vast, mobiel, e.d.)</li><li>Bij ontbreken van nummers wordt een lege staat getoond in plaats van een fout</li></ul>","","inwonerportaal; inzage; persoonsgegevens; epic-2; contact","2","New","Verius","Verius",""
"User Story","","","S2.2.1: Contactgegevens inzien","<p>Als inwoner</p><p>Ik wil mijn contactgegevens inzien</p><p>Zodat ik weet welke contactinformatie de gemeente gebruikt</p>","<ul><li>Contactgegevens zijn bereikbaar via een eigen tabblad binnen Persoonlijke gegevens</li><li>De getoonde contactgegevens zijn herkenbaar afkomstig zoals bij ons bekend</li><li>Bij ontbreken van contactgegevens wordt een lege staat getoond in plaats van een fout</li></ul>","2","inwonerportaal; inzage; persoonsgegevens; epic-2; contact","2","New","Verius","Verius",""
"User Story","","","S2.2.2: Alle bekende telefoonnummers tonen","<p>Als inwoner</p><p>Ik wil al mijn bekende telefoonnummers zien</p><p>Zodat ik niet onterecht denk dat een nummer ontbreekt</p>","<ul><li>Alle bij de gemeente bekende nummers worden getoond (bijv. telefoonnummer, GSM/mobiel), niet alleen het primaire nummer</li><li>Per nummer is het soort/type herkenbaar (vast, mobiel, e.d.)</li><li>Zijn er geen nummers bekend, dan wordt dit als lege staat getoond en niet als fout</li><li>Bevinding Eemsdelta/MG #7 is afgedekt</li></ul>","2","inwonerportaal; inzage; persoonsgegevens; epic-2; contact","2","New","Verius","Verius",""
"Feature","","Bankrekeningen","","<p>Geeft de inwoner inzage in zijn bij de gemeente bekende bankrekening(en) via een eigen tabblad, zodat hij kan controleren waarop betalingen plaatsvinden.</p>","<ul><li>Bankrekeningen zijn bereikbaar via een eigen tabblad binnen Persoonlijke gegevens</li><li>Bekende bankrekeningnummers worden inzichtelijk getoond</li><li>Bij ontbreken van een bekende bankrekening wordt een lege staat getoond in plaats van een fout</li></ul>","","inwonerportaal; inzage; persoonsgegevens; epic-2; bank","2","New","Verius","Verius",""
"User Story","","","S2.3.1: Bekende bankrekening(en) inzien","<p>Als inwoner</p><p>Ik wil mijn bekende bankrekening(en) inzien</p><p>Zodat ik kan controleren waarop betalingen plaatsvinden</p>","<ul><li>Bankrekeningen zijn bereikbaar via een eigen tabblad binnen Persoonlijke gegevens</li><li>De getoonde bankrekening(en) zijn herkenbaar afkomstig zoals bij ons bekend</li><li>Is geen bankrekening bekend, dan wordt een lege staat getoond in plaats van een fout</li></ul>","2","inwonerportaal; inzage; persoonsgegevens; epic-2; bank","2","New","Verius","Verius",""
"Feature","","Gegevens Wijzigen En Doorgeven","","<p>Verbreedt het portaal van alleen inzage naar gecontroleerde mutatie: de inwoner geeft e-mail, telefoon, IBAN en inkomenswijzigingen geverifieerd door, die zonder dubbele registratie in X-Works worden verwerkt (PvE 35/58/60, bevinding Westerkwartier #1, ticket #1757).</p>","<ul><li>E-mailadres en telefoonnummer zijn zelf te wijzigen vanuit Contactgegevens</li><li>Wijzigingen worden geverifieerd via een verificatiecode (e-mail of sms) voor verwerking</li><li>IBAN en inkomenswijzigingen doorlopen een passende controle voor verwerking in X-Works</li><li>Verwerking gebeurt zonder dubbele registratie</li><li>Een niet-geverifieerde of afgebroken wijziging wordt niet verwerkt</li></ul>","","inwonerportaal; inzage; persoonsgegevens; epic-2; mutatie","2","New","Verius","Verius",""
"User Story","","","S2.4.1: E-mailadres en telefoonnummer zelf wijzigen","<p>Als inwoner</p><p>Ik wil mijn e-mailadres en telefoonnummer zelf kunnen wijzigen</p><p>Zodat mijn contactgegevens actueel blijven</p>","<ul><li>De inwoner kan e-mailadres en telefoonnummer wijzigen vanuit Contactgegevens</li><li>De wijziging wordt geverifieerd via een verificatiecode (per e-mail of sms)</li><li>Na succesvolle verificatie wordt de wijziging (geautomatiseerd) verwerkt in X-Works</li><li>Een onjuiste of niet-ingevoerde verificatiecode leidt niet tot verwerking van de wijziging</li><li>Te bevestigen: wel/geen handmatige goedkeuringsstap (ticket #1757, C1 nog open)</li></ul>","5","inwonerportaal; inzage; persoonsgegevens; epic-2; mutatie","2","New","Verius","Verius",""
"User Story","","","S2.4.2: Bankrekeningnummer (IBAN) doorgeven of wijzigen","<p>Als inwoner</p><p>Ik wil mijn bankrekeningnummer (IBAN) kunnen doorgeven/wijzigen</p><p>Zodat betalingen op het juiste rekeningnummer plaatsvinden</p>","<ul><li>De inwoner kan een gewijzigd IBAN doorgeven vanuit Bankrekeningen</li><li>De wijziging doorloopt een passende controle/verificatie voordat deze in X-Works wordt verwerkt</li><li>Een ongeldig of niet-geverifieerd IBAN wordt niet verwerkt</li></ul>","5","inwonerportaal; inzage; persoonsgegevens; epic-2; mutatie","2","New","Verius","Verius",""
"User Story","","","S2.4.3: Inkomenswijziging doorgeven","<p>Als inwoner</p><p>Ik wil wijzigingen in mijn inkomen kunnen doorgeven</p><p>Zodat mijn dossier actueel blijft</p>","<ul><li>De inwoner kan een inkomenswijziging digitaal doorgeven</li><li>De doorgegeven wijziging leidt tot de juiste verwerking/processtart in de backoffice (bijv. mutatie/heronderzoek)</li><li>De verwerking gebeurt zonder dubbele registratie</li><li>Een onvolledig ingevulde doorgifte kan niet definitief worden verzonden</li></ul>","5","inwonerportaal; inzage; persoonsgegevens; epic-2; mutatie","2","New","Verius","Verius",""
"Epic","Lopende Zaken Volgen","","","<p>For (Who): inwoner die de voortgang van zijn zaken bij de gemeente wil volgen</p><p>The (Is a): Inwonerportaal Verius Samen</p><p>That: overzicht van lopende en afgehandelde zaken met begrijpelijke status en inzage in besluiten</p><p>Our solution: gepubliceerde zaaktype-processen en statussen tonen met publieksvriendelijke omschrijvingen, gescheiden tabbladen en besluitinzage</p><p>Success criteria:</p><ul><li>Inwoner ziet zaaknummer, onderwerp, ontvangstdatum en status per lopende zaak</li><li>Afgehandelde zaken zijn apart raadpleegbaar</li><li>Status is begrijpelijk en correct, ook bij meerdere zaken van hetzelfde type</li><li>Genomen besluiten zijn in te zien</li></ul><p>In scope: inzage in zaken, status en besluiten (afhankelijk van publicatie via Epic 8)</p><p>Out of scope: zaakinhoudelijke behandeling door de gemeente</p>","","","inwonerportaal; inzage; zaken; epic-3","1","New","Verius","Verius",""
"Feature","","Overzicht Lopende Zaken","","<p>Geeft de inwoner een overzicht van zijn lopende zaken zodat hij de status van zijn aanvragen kan volgen. Alleen door beheer gepubliceerde zaaktype-processen verschijnen, met acceptabele prestaties bij het openen (bevinding Westerkwartier #24, ticket #4144).</p>","<ul><li>Per zaak worden zaaknummer/onderwerp, ontvangstdatum en status getoond</li><li>Het tabblad toont het aantal lopende zaken (bijv. Overzicht (17))</li><li>Alleen door beheer gepubliceerde zaaktype-processen worden getoond</li><li>Het openen van een zaak presteert acceptabel zonder merkbare wachttijd</li><li>Bij geen lopende zaken wordt een lege staat getoond in plaats van een fout</li></ul>","","inwonerportaal; inzage; zaken; epic-3; overzicht","2","New","Verius","Verius",""
"User Story","","","S3.1.1: Overzicht van lopende zaken tonen","<p>Als inwoner</p><p>Ik wil een overzicht van mijn lopende zaken</p><p>Zodat ik de status van mijn aanvragen kan volgen</p>","<ul><li>Per zaak worden getoond: Zaaknummer / Onderwerp, Ontvangen (datum), Status</li><li>Het tabblad toont het aantal lopende zaken (bijv. Overzicht (17))</li><li>Alleen zaken van zaaktype-processen die door beheer zijn gepubliceerd worden getoond (zie Epic 8)</li><li>Het openen van een zaak vanuit het overzicht presteert acceptabel (geen merkbare wachttijd, bevinding Westerkwartier #24, ticket #4144)</li></ul>","3","inwonerportaal; inzage; zaken; epic-3; overzicht","2","New","Verius","Verius",""
"Feature","","Afgehandelde Zaken","","<p>Stelt de inwoner in staat zijn afgehandelde zaken terug te zien onder een apart tabblad, zodat hij zijn historie kan raadplegen los van zijn lopende zaken.</p>","<ul><li>Afgehandelde zaken staan onder een apart tabblad Afgehandeld, met telling</li><li>De telling geeft het juiste aantal afgehandelde zaken weer</li><li>Bij geen afgehandelde zaken wordt een lege staat getoond in plaats van een fout</li></ul>","","inwonerportaal; inzage; zaken; epic-3; historie","2","New","Verius","Verius",""
"User Story","","","S3.2.1: Afgehandelde zaken terugzien","<p>Als inwoner</p><p>Ik wil mijn afgehandelde zaken kunnen terugzien</p><p>Zodat ik mijn historie kan raadplegen</p>","<ul><li>Afgehandelde zaken staan onder een apart tabblad Afgehandeld, met telling</li><li>De telling toont het juiste aantal afgehandelde zaken</li><li>Bij geen afgehandelde zaken wordt een lege staat getoond in plaats van een fout</li></ul>","2","inwonerportaal; inzage; zaken; epic-3; historie","2","New","Verius","Verius",""
"Feature","","Zaakstatus Weergave","","<p>Toont per zaak een begrijpelijke, publieksvriendelijke status zodat de inwoner weet waar zijn zaak staat. De status wordt correct per zaak getoond, ook bij meerdere zaken van hetzelfde type (bevinding Westerkwartier #5).</p>","<ul><li>De getoonde status is de meest recente status die door beheer is gepubliceerd</li><li>De status wordt getoond met de generieke (publieksvriendelijke) omschrijving, niet de interne code</li><li>De status wordt per zaak correct getoond, ook bij meerdere zaken van hetzelfde zaaktype</li><li>Niet-gepubliceerde statussen worden niet aan de inwoner getoond</li></ul>","","inwonerportaal; inzage; zaken; epic-3; status","2","New","Verius","Verius",""
"User Story","","","S3.3.1: Begrijpelijke status per zaak tonen","<p>Als inwoner</p><p>Ik wil per zaak een begrijpelijke status zien</p><p>Zodat ik weet waar mijn zaak staat</p>","<ul><li>De getoonde status is de meest recente status die door beheer is gepubliceerd (Publiceren op digitaal loket)</li><li>De status wordt getoond met de generieke (publieksvriendelijke) omschrijving, niet de interne code</li><li>De status wordt per zaak correct getoond, ook wanneer de inwoner meerdere zaken van hetzelfde zaaktype heeft (bevinding Westerkwartier #5)</li><li>Een niet-gepubliceerde status wordt niet getoond</li></ul>","3","inwonerportaal; inzage; zaken; epic-3; status","2","New","Verius","Verius",""
"Feature","","Besluiten Inzien","","<p>Geeft de inwoner inzage in het besluit op zijn aanvraag of zaak zodat hij weet wat er is beslist en waarom (acceptatiecriteria Opmeer/Koggenland, besluit A2). Het besluit is gekoppeld aan de zaak en waar van toepassing als document beschikbaar.</p>","<ul><li>Bij een zaak met een genomen besluit is het besluit voor de inwoner in te zien</li><li>Het besluit is gekoppeld aan de betreffende zaak</li><li>Waar van toepassing is het besluit als document beschikbaar (zie Epic 6)</li><li>Bij een zaak zonder besluit wordt geen besluit getoond</li></ul>","","inwonerportaal; inzage; zaken; epic-3; besluit","2","New","Verius","Verius",""
"User Story","","","S3.4.1: Besluit op aanvraag of zaak inzien","<p>Als inwoner</p><p>Ik wil het besluit op mijn aanvraag/zaak kunnen inzien</p><p>Zodat ik weet wat er is beslist en waarom</p>","<ul><li>Bij een zaak met een genomen besluit is het besluit voor de inwoner in te zien</li><li>Het besluit is gekoppeld aan de betreffende zaak en (waar van toepassing) als document beschikbaar (zie Epic 6)</li><li>Bij een zaak zonder genomen besluit wordt geen besluit getoond</li></ul>","3","inwonerportaal; inzage; zaken; epic-3; besluit","2","New","Verius","Verius",""
"Epic","Voorzieningen Wmo En Jeugdwet Inzien","","","<p>For (Who): inwoner die zijn toegekende Wmo- en Jeugdwet-voorzieningen wil inzien</p><p>The (Is a): Inwonerportaal Verius Samen</p><p>That: inzage in actuele en historische voorzieningen met begrijpelijke productomschrijvingen</p><p>Our solution: gescheiden tabbladen Actueel en Historisch per domein met generieke productomschrijvingen uit het beheer</p><p>Success criteria:</p><ul><li>Per voorziening zijn omschrijving, zorgleverancier en looptijd zichtbaar</li><li>Actuele en historische voorzieningen zijn gescheiden raadpleegbaar met telling</li><li>Omschrijvingen zijn publieksvriendelijk</li></ul><p>In scope: inzage Wmo- en Jeugdwet-voorzieningen</p><p>Out of scope: mutatie van voorzieningen; aanvraag verloopt via Epic 7</p>","","","inwonerportaal; inzage; voorzieningen; epic-4","2","New","Verius","Verius",""
"Feature","","Wmo-voorzieningen","","<p>Geeft de inwoner inzage in zijn actuele en historische Wmo-voorzieningen zodat hij weet welke ondersteuning loopt en wat eerder is verstrekt. Omschrijvingen zijn de generieke productomschrijving uit het beheer (Epic 8).</p>","<ul><li>Per voorziening worden omschrijving, zorgleverancier, datum vanaf en datum t/m getoond</li><li>Tabblad Actueel toont het aantal lopende voorzieningen</li><li>Historische voorzieningen staan onder tabblad Historisch met telling</li><li>De getoonde omschrijving is de generieke productomschrijving</li><li>Bij geen voorzieningen wordt een lege staat getoond in plaats van een fout</li></ul>","","inwonerportaal; inzage; voorzieningen; epic-4; wmo","2","New","Verius","Verius",""
"User Story","","","S4.1.1: Actuele Wmo-voorzieningen inzien","<p>Als inwoner</p><p>Ik wil mijn actuele Wmo-voorzieningen inzien</p><p>Zodat ik weet welke ondersteuning loopt</p>","<ul><li>Per voorziening worden getoond: Omschrijving, Zorgleverancier, Datum vanaf, Datum t/m</li><li>Het tabblad Actueel toont het aantal lopende voorzieningen</li><li>Bij geen actuele voorzieningen wordt een lege staat getoond in plaats van een fout</li></ul>","2","inwonerportaal; inzage; voorzieningen; epic-4; wmo","2","New","Verius","Verius",""
"User Story","","","S4.1.2: Historische Wmo-voorzieningen inzien","<p>Als inwoner</p><p>Ik wil mijn historische Wmo-voorzieningen inzien</p><p>Zodat ik eerdere ondersteuning kan terugzien</p>","<ul><li>Historische voorzieningen staan onder tabblad Historisch, met telling</li><li>De getoonde omschrijving is de generieke productomschrijving (zie Epic 8)</li><li>Bij geen historische voorzieningen wordt een lege staat getoond in plaats van een fout</li></ul>","2","inwonerportaal; inzage; voorzieningen; epic-4; wmo","2","New","Verius","Verius",""
"Feature","","Jeugdwet-voorzieningen","","<p>Geeft de inwoner inzage in zijn actuele en historische Jeugdwet-voorzieningen zodat hij weet welke jeugdhulp loopt en wat eerder is verstrekt, met gescheiden tabbladen en telling.</p>","<ul><li>Per voorziening worden omschrijving, zorgleverancier, datum vanaf en datum t/m getoond</li><li>Tabblad Actueel toont het aantal lopende voorzieningen</li><li>Historische voorzieningen staan onder tabblad Historisch met telling</li><li>Bij geen voorzieningen wordt een lege staat getoond in plaats van een fout</li></ul>","","inwonerportaal; inzage; voorzieningen; epic-4; jeugdwet","2","New","Verius","Verius",""
"User Story","","","S4.2.1: Actuele Jeugdwet-voorzieningen inzien","<p>Als inwoner</p><p>Ik wil mijn actuele Jeugdwet-voorzieningen inzien</p><p>Zodat ik weet welke jeugdhulp loopt</p>","<ul><li>Per voorziening worden getoond: Omschrijving, Zorgleverancier, Datum vanaf, Datum t/m</li><li>Tabblad Actueel met telling</li><li>Bij geen actuele voorzieningen wordt een lege staat getoond in plaats van een fout</li></ul>","2","inwonerportaal; inzage; voorzieningen; epic-4; jeugdwet","2","New","Verius","Verius",""
"User Story","","","S4.2.2: Historische Jeugdwet-voorzieningen inzien","<p>Als inwoner</p><p>Ik wil mijn historische Jeugdwet-voorzieningen inzien</p><p>Zodat ik eerdere jeugdhulp kan terugzien</p>","<ul><li>Historische voorzieningen onder tabblad Historisch, met telling</li><li>De telling toont het juiste aantal historische voorzieningen</li><li>Bij geen historische voorzieningen wordt een lege staat getoond in plaats van een fout</li></ul>","2","inwonerportaal; inzage; voorzieningen; epic-4; jeugdwet","2","New","Verius","Verius",""
"Epic","Uitkeringen En Vorderingen Inzien","","","<p>For (Who): inwoner die zijn uitkeringen, specificaties en vorderingen wil inzien</p><p>The (Is a): Inwonerportaal Verius Samen</p><p>That: inzage in actuele en historische uitkeringen, uitkeringsspecificaties en openstaande of teruggevorderde bedragen</p><p>Our solution: uitkeringenoverzicht met tabbladen, specificaties via Documenten en een vorderingenoverzicht (acceptatiecriteria O/K, besluit A2)</p><p>Success criteria:</p><ul><li>Per uitkering zijn soort, nummer en looptijd zichtbaar</li><li>Uitkeringsspecificaties zijn raadpleegbaar via Documenten</li><li>Vorderingen tonen omschrijving, bedrag, datum en gerelateerde zaak</li></ul><p>In scope: inzage uitkeringen, specificaties en vorderingen</p><p>Out of scope: mutatie of betaling van vorderingen</p>","","","inwonerportaal; inzage; uitkeringen; vorderingen; epic-5","2","New","Verius","Verius",""
"Feature","","Uitkeringenoverzicht","","<p>Geeft de inwoner inzage in zijn actuele en historische uitkeringen zodat hij weet welke uitkeringen lopen en wat eerder is verstrekt, met gescheiden tabbladen en telling.</p>","<ul><li>Per uitkering worden soort, uitkeringsnummer, datum vanaf en datum t/m getoond</li><li>Tabblad Actueel toont het aantal lopende uitkeringen</li><li>Historische uitkeringen staan onder tabblad Historisch met telling</li><li>Bij geen uitkeringen wordt een lege staat getoond in plaats van een fout</li></ul>","","inwonerportaal; inzage; uitkeringen; vorderingen; epic-5; uitkering","2","New","Verius","Verius",""
"User Story","","","S5.1.1: Actuele uitkering(en) inzien","<p>Als inwoner</p><p>Ik wil mijn actuele uitkering(en) inzien</p><p>Zodat ik weet welke uitkeringen lopen</p>","<ul><li>Per uitkering worden getoond: Soort uitkering, Uitkeringsnummer, Datum vanaf, Datum t/m</li><li>Tabblad Actueel met telling</li><li>Bij geen actuele uitkeringen wordt een lege staat getoond in plaats van een fout</li></ul>","2","inwonerportaal; inzage; uitkeringen; vorderingen; epic-5; uitkering","2","New","Verius","Verius",""
"User Story","","","S5.1.2: Historische uitkeringen inzien","<p>Als inwoner</p><p>Ik wil mijn historische uitkeringen inzien</p><p>Zodat ik mijn uitkeringshistorie kan raadplegen</p>","<ul><li>Historische uitkeringen onder tabblad Historisch, met telling</li><li>De telling toont het juiste aantal historische uitkeringen</li><li>Bij geen historische uitkeringen wordt een lege staat getoond in plaats van een fout</li></ul>","2","inwonerportaal; inzage; uitkeringen; vorderingen; epic-5; uitkering","2","New","Verius","Verius",""
"Feature","","Uitkeringsspecificaties","","<p>Stelt de inwoner in staat zijn uitkeringsspecificaties te raadplegen voor inzicht in zijn betalingen. Specificaties zijn vindbaar onder Documenten (Epic 6) en herkenbaar als documenttype Uitkeringsspecificatie.</p>","<ul><li>Uitkeringsspecificaties zijn vindbaar onder Documenten</li><li>Specificaties zijn herkenbaar als documenttype Uitkeringsspecificatie</li><li>Een specificatie is door de inwoner te openen en te downloaden</li><li>Bij geen specificaties wordt een lege staat getoond in plaats van een fout</li></ul>","","inwonerportaal; inzage; uitkeringen; vorderingen; epic-5; specificatie","2","New","Verius","Verius",""
"User Story","","","S5.2.1: Uitkeringsspecificaties raadplegen","<p>Als inwoner</p><p>Ik wil mijn uitkeringsspecificaties kunnen raadplegen</p><p>Zodat ik inzicht heb in mijn betalingen</p>","<ul><li>Uitkeringsspecificaties zijn vindbaar onder Documenten (zie Epic 6) en herkenbaar als documenttype Uitkeringsspecificatie</li><li>Een specificatie is te openen en te downloaden door de inwoner</li><li>Bij geen specificaties wordt een lege staat getoond in plaats van een fout</li></ul>","2","inwonerportaal; inzage; uitkeringen; vorderingen; epic-5; specificatie","2","New","Verius","Verius",""
"Feature","","Vorderingen Inzien","","<p>Geeft de inwoner inzage in zijn vorderingen zodat hij weet welke bedragen openstaan of worden teruggevorderd (acceptatiecriteria Opmeer/Koggenland, besluit A2). Per vordering zijn omschrijving, bedrag, datum en gerelateerde zaak zichtbaar.</p>","<ul><li>Per vordering worden minimaal omschrijving/soort, bedrag en datum getoond</li><li>Waar van toepassing wordt de gerelateerde zaak/regeling getoond</li><li>Onderscheid tussen openstaand en afgehandeld is zichtbaar waar van toepassing</li><li>Bij geen vorderingen wordt een lege staat getoond in plaats van een fout</li></ul>","","inwonerportaal; inzage; uitkeringen; vorderingen; epic-5; vordering","2","New","Verius","Verius",""
"User Story","","","S5.3.1: Vorderingen inzien","<p>Als inwoner</p><p>Ik wil mijn vorderingen kunnen inzien</p><p>Zodat ik weet welke bedragen openstaan of worden teruggevorderd</p>","<ul><li>Per vordering worden minimaal getoond: omschrijving/soort, bedrag, datum en (waar van toepassing) de gerelateerde zaak/regeling</li><li>Waar van toepassing is onderscheid zichtbaar tussen openstaand en afgehandeld</li><li>Bij geen vorderingen wordt een lege staat getoond in plaats van een fout</li></ul>","3","inwonerportaal; inzage; uitkeringen; vorderingen; epic-5; vordering","2","New","Verius","Verius",""
"Epic","Documenten Raadplegen En Downloaden","","","<p>For (Who): inwoner die zijn documenten en correspondentie wil raadplegen en bewaren</p><p>The (Is a): Inwonerportaal Verius Samen</p><p>That: inzage in en download van gepubliceerde documenten, gegroepeerd per documenttype</p><p>Our solution: documentenoverzicht met groepering per gepubliceerd documenttype, telling en downloadactie per document</p><p>Success criteria:</p><ul><li>Per document zijn documentnr, omschrijving en documenttype zichtbaar</li><li>Documenten zijn gegroepeerd per documenttype met telling</li><li>Alleen gepubliceerde documenttypen worden getoond</li><li>Elk document is te downloaden</li></ul><p>In scope: inzage en download van documenten (afhankelijk van publicatie via Epic 8)</p><p>Out of scope: aanleveren van documenten (zie Epic 9)</p>","","","inwonerportaal; inzage; documenten; epic-6","2","New","Verius","Verius",""
"Feature","","Documentenoverzicht En Download","","<p>Geeft de inwoner inzage in zijn documenten, gegroepeerd per gepubliceerd documenttype met telling, en stelt hem in staat elk document te downloaden om te bewaren of delen. Alleen door beheer gepubliceerde documenttypen worden getoond (Epic 8).</p>","<ul><li>Per document worden documentnr, omschrijving en documenttype getoond</li><li>Documenten zijn gegroepeerd per documenttype met telling (bijv. Uitkeringsspecificaties (1))</li><li>Alleen documenten van door beheer gepubliceerde documenttypen worden getoond</li><li>Per document is een downloadactie beschikbaar</li><li>Bij geen documenten wordt een lege staat getoond in plaats van een fout</li></ul>","","inwonerportaal; inzage; documenten; epic-6; download","2","New","Verius","Verius",""
"User Story","","","S6.1.1: Documenten inzien","<p>Als inwoner</p><p>Ik wil mijn documenten inzien</p><p>Zodat ik mijn correspondentie en specificaties bij de hand heb</p>","<ul><li>Per document worden getoond: Documentnr, Omschrijving, Documenttype</li><li>Documenten zijn gegroepeerd per documenttype (bijv. tabblad Uitkeringsspecificaties (1)) met telling</li><li>Alleen documenten van documenttypen die door beheer zijn gepubliceerd worden getoond (zie Epic 8)</li><li>Niet-gepubliceerde documenttypen worden niet getoond</li></ul>","2","inwonerportaal; inzage; documenten; epic-6; download","2","New","Verius","Verius",""
"User Story","","","S6.1.2: Document downloaden","<p>Als inwoner</p><p>Ik wil een document kunnen downloaden</p><p>Zodat ik het kan bewaren of delen</p>","<ul><li>Per document is een downloadactie beschikbaar</li><li>Het gedownloade document komt overeen met het getoonde document</li><li>Bij een document zonder beschikbaar bestand wordt geen mislukte download aangeboden</li></ul>","2","inwonerportaal; inzage; documenten; epic-6; download","2","New","Verius","Verius",""
"Epic","Zelf Regelen En Aanvragen","","","<p>For (Who): inwoner die zelfstandig zaken wil regelen, aanvragen indienen, aanvullen en akkoord geven</p><p>The (Is a): Inwonerportaal Verius Samen</p><p>That: integrale self-service voor aanvragen via webformulieren met slimme logica, validatie, bevestiging, AVG-opschoning, mede-ondertekening, akkoord op plannen en digitaal herstel</p><p>Our solution: een complete aanvraagmodule conform PvE-eisen 35/58 (U2/U6) met conditionele formulierlogica, auto-vullen uit X-Works, hersteltermijnen en herleidbare digitale akkoorden</p><p>Success criteria:</p><ul><li>Alle regelingen zijn digitaal indienbaar via een formulier en verschijnen als zaak</li><li>Formulieren tonen alleen relevante vragen en vullen bekende gegevens automatisch</li><li>Inwoner ontvangt bevestiging en kan onvolledige aanvragen herstellen</li><li>Mede-ondertekening verloopt via eigen DigiD-inlog en is herleidbaar</li><li>Niet-voltooide aanvragen worden AVG-conform en met audit-logging opgeschoond</li></ul><p>In scope: starten, vervolgen, aanvullen, samenvatten en akkoord geven van aanvragen</p><p>Out of scope: backoffice-behandeling; eHerkenning (vervallen)</p>","","","inwonerportaal; zelf-regelen; aanvragen; epic-7","1","New","Verius","Verius",""
"Feature","","Aanvraag Starten","","<p>Stelt de inwoner in staat zelfstandig een nieuwe aanvraag te starten via een webformulier voor alle regelingen via dit ene portaal (PvE 35/58, U2). De ingediende aanvraag verschijnt als zaak onder Lopende zaken met een duidelijke, eenduidige indienactie en bevestiging (bevindingen Westerkwartier #20/#26).</p>","<ul><li>Onder Zelf regelen > Aanvragen is de actie Aanvraag starten beschikbaar</li><li>De aanvraag verloopt via een webformulier conform de Freshdesk-handleiding</li><li>De ingediende aanvraag verschijnt als zaak onder Lopende zaken bij een gepubliceerd zaaktype-proces</li><li>Indienen rondt de aanvraag definitief af met een duidelijke bevestiging, zonder verwarrende extra stap</li><li>Alle regelingen zijn via dit ene portaal indienbaar, niet beperkt tot een deelportaal of lopende aanvragen</li></ul>","","inwonerportaal; zelf-regelen; aanvragen; epic-7; starten","1","New","Verius","Verius",""
"User Story","","","S7.1.1: Nieuwe aanvraag zelfstandig starten","<p>Als inwoner</p><p>Ik wil zelfstandig een nieuwe aanvraag starten</p><p>Zodat ik zonder tussenkomst een verzoek kan indienen</p>","<ul><li>Onder Zelf regelen > Aanvragen is de actie Aanvraag starten beschikbaar</li><li>De aanvraag verloopt via een webformulier (ingericht conform de Freshdesk-handleiding Webformulieren, zie Epic 8)</li><li>De ingediende aanvraag verschijnt als zaak onder Lopende zaken (mits het zaaktype-proces is gepubliceerd)</li><li>Een niet-gepubliceerd zaaktype-proces leidt niet tot een startbare aanvraag</li></ul>","5","inwonerportaal; zelf-regelen; aanvragen; epic-7; starten","2","New","Verius","Verius",""
"User Story","","","S7.1.2: Aanvraag met een duidelijke actie indienen","<p>Als inwoner</p><p>Ik wil mijn aanvraag met een duidelijke actie indienen</p><p>Zodat ik niet twijfel of het gelukt is</p>","<ul><li>Indienen rondt de aanvraag definitief af; er is geen verwarrende extra stap (opslaan en afsluiten) nodig na het indienen</li><li>Na indienen krijgt de inwoner een duidelijke bevestiging dat de aanvraag is verstuurd</li><li>Bevinding Westerkwartier #20 (ticket #4142) is afgedekt</li></ul>","3","inwonerportaal; zelf-regelen; aanvragen; epic-7; starten","2","New","Verius","Verius",""
"User Story","","","S7.1.3: Aanvraagformulier rechtstreeks vanaf website openen","<p>Als inwoner</p><p>Ik wil een specifiek aanvraagformulier rechtstreeks vanaf de gemeentewebsite kunnen openen</p><p>Zodat ik niet eerst in het portaal hoef te zoeken</p>","<ul><li>Een aanvraagformulier is via een directe link (deep link) vanaf de website te starten</li><li>De deep link leidt naar het juiste aanvraagformulier</li><li>Een ongeldige of verlopen deep link leidt niet naar een fout maar naar een passende melding</li><li>Bevinding Westerkwartier #26 (ticket #4238) is afgedekt</li></ul>","3","inwonerportaal; zelf-regelen; aanvragen; epic-7; starten","2","New","Verius","Verius",""
"User Story","","","S7.1.4: Alle regelingen via een portaal indienen","<p>Als inwoner</p><p>Ik wil alle aanvragen voor alle regelingen via dit ene portaal kunnen indienen</p><p>Zodat ik niet hoef te wisselen tussen portalen</p>","<ul><li>Alle regelingen zijn digitaal indienbaar via een portaal (o.a. Bijzondere Bijstand, Minimabeleid, SMI), uitbreidbaar naar alle domeinen</li><li>De aanvraagfunctionaliteit is niet beperkt tot een deelportaal of alleen beschikbaar binnen reeds lopende aanvragen</li><li>PvE-notitie Opmeer/Koggenland Eis 35 en 58 (uitgangspunt U2) is afgedekt</li></ul>","5","inwonerportaal; zelf-regelen; aanvragen; epic-7; starten; integraal","1","New","Verius","Verius",""
"Feature","","Vervolg Aanvraag","","<p>Stelt de inwoner in staat een eerder gestarte aanvraag te vervolgen zodat hij een onderbroken of vervolgstap kan afronden. Te vervolgen aanvragen worden in logische, chronologische volgorde getoond (bevinding Westerkwartier #21, ticket #4143).</p>","<ul><li>Onder Zelf regelen > Aanvragen is de actie Vervolg aanvraag beschikbaar</li><li>Te vervolgen aanvragen worden in een logische, chronologische volgorde getoond</li><li>Bij geen te vervolgen aanvragen wordt een lege staat getoond in plaats van een fout</li></ul>","","inwonerportaal; zelf-regelen; aanvragen; epic-7; vervolg","2","New","Verius","Verius",""
"User Story","","","S7.2.1: Eerder gestarte aanvraag vervolgen","<p>Als inwoner</p><p>Ik wil een eerder gestarte aanvraag vervolgen</p><p>Zodat ik een onderbroken of vervolgstap kan afronden</p>","<ul><li>Onder Zelf regelen > Aanvragen is de actie Vervolg aanvraag beschikbaar</li><li>Te vervolgen aanvragen worden in een logische, chronologische volgorde getoond (bevinding Westerkwartier #21, ticket #4143)</li><li>Bij geen te vervolgen aanvragen wordt een lege staat getoond in plaats van een fout</li></ul>","3","inwonerportaal; zelf-regelen; aanvragen; epic-7; vervolg","2","New","Verius","Verius",""
"Feature","","Slimme Formulierlogica","","<p>Beschrijft het gewenste gedrag van de webformulier-engine: conditionele vragen en teksten, auto-vullen uit X-Works, klikbare links en diakrieten, toelichtingsiconen, passende invoervelden en betrouwbaar vastleggen van antwoorden (bevindingen Eemsdelta/MG en Westerkwartier). Dit houdt formulieren overzichtelijk en voorkomt dataverlies.</p>","<ul><li>Vragen en tekstfragmenten kunnen conditioneel getoond/verborgen worden, ook per groep pagina's</li><li>Velden worden automatisch gevuld met gegevens uit X-Works</li><li>Tekstblokken tonen klikbare links en correct opgemaakte tekst inclusief diakrieten</li><li>Het toelichtingsicoon werkt in productie</li><li>Een ingevuld antwoord wordt direct vastgelegd zonder dataverlies of storende notify-melding</li></ul>","","inwonerportaal; zelf-regelen; aanvragen; epic-7; formulierlogica","2","New","Verius","Verius",""
"User Story","","","S7.3.1: Alleen relevante vragen en teksten tonen","<p>Als inwoner</p><p>Ik wil alleen de vragen en teksten zien die voor mijn situatie relevant zijn</p><p>Zodat het formulier overzichtelijk blijft</p>","<ul><li>Vragen kunnen conditioneel getoond/verborgen worden op basis van eerder ingevulde waarden</li><li>Tekstvragen en tekstfragmenten kunnen ook aan condities gekoppeld worden (gelijk aan reguliere vragen)</li><li>Condities kunnen op een groep pagina's tegelijk worden toegepast, zodat een route niet pagina-voor-pagina hoeft te worden ingericht (bevinding Westerkwartier #15, ticket #4136)</li><li>Niet-relevante vragen worden niet getoond bij niet-voldane condities</li></ul>","3","inwonerportaal; zelf-regelen; aanvragen; epic-7; formulierlogica; condities","2","New","Verius","Verius",""
"User Story","","","S7.3.2: Bekende gegevens automatisch invullen","<p>Als inwoner</p><p>Ik wil dat bekende gegevens automatisch zijn ingevuld</p><p>Zodat ik niet alles opnieuw hoef in te voeren</p>","<ul><li>Velden worden automatisch gevuld met gegevens uit X-Works (mits de data-query's aan het zaaktype-proces zijn gekoppeld)</li><li>Condities mogen werken op basis van opgehaalde persoonsgegevens (bijv. controle of de inwoner in de gemeente woont)</li><li>Ontbreken gekoppelde data-query's, dan blijft het veld leeg in plaats van een fout te tonen</li></ul>","5","inwonerportaal; zelf-regelen; aanvragen; epic-7; formulierlogica; auto-vullen","2","New","Verius","Verius",""
"User Story","","","S7.3.3: Klikbare links en correcte tekstopmaak tonen","<p>Als beheerder/inwoner</p><p>Ik wil dat tekstblokken klikbare links en correct opgemaakte tekst tonen</p><p>Zodat verwijzingen bruikbaar zijn</p>","<ul><li>In tekstblokken kunnen klikbare URL's worden opgenomen (bijv. via een hyperlink die in een nieuw tabblad opent)</li><li>Speciale tekens en diakrieten (bijv. E met accent, e met trema, i met trema) worden correct weergegeven, zowel in invoer als in labels</li><li>Diakrieten worden niet als vervangende of onleesbare tekens weergegeven (bevindingen Eemsdelta #2/#1)</li></ul>","3","inwonerportaal; zelf-regelen; aanvragen; epic-7; formulierlogica","2","New","Verius","Verius",""
"User Story","","","S7.3.4: Toelichting bij een vraag opvragen","<p>Als inwoner</p><p>Ik wil toelichting bij een vraag kunnen opvragen</p><p>Zodat ik begrijp wat gevraagd wordt</p>","<ul><li>Het informatie-/toelichtingsicoon (i) werkt in productie (bij hoveren/klikken), niet alleen in de testomgeving</li><li>De toelichting toont de bij de vraag ingerichte tekst</li><li>Het icoon faalt niet stil in productie (bevindingen Eemsdelta #9, Westerkwartier #13, ticket #3688)</li></ul>","2","inwonerportaal; zelf-regelen; aanvragen; epic-7; formulierlogica","2","New","Verius","Verius",""
"User Story","","","S7.3.5: Passende invoervelden kiezen","<p>Als beheerder</p><p>Ik wil passende invoervelden kunnen kiezen</p><p>Zodat het formulier aansluit op de hoeveelheid gevraagde informatie</p>","<ul><li>Er is naast een groot tekstvak ook een enkelvoudige tekstregel beschikbaar</li><li>Tekstvakken passen zich aan / zijn uitbreidbaar zodat ingevoerde tekst volledig zichtbaar blijft (letters vallen niet weg)</li><li>Ingevoerde tekst wordt niet afgekapt of onleesbaar weergegeven (bevindingen Westerkwartier #8/#9/#23, ticket #4007)</li></ul>","3","inwonerportaal; zelf-regelen; aanvragen; epic-7; formulierlogica","2","New","Verius","Verius",""
"User Story","","","S7.3.6: Ingevulde antwoorden direct en betrouwbaar vastleggen","<p>Als inwoner</p><p>Ik wil dat mijn ingevulde antwoorden direct en betrouwbaar worden vastgelegd</p><p>Zodat ik geen gegevens verlies</p>","<ul><li>Een ingevuld/geselecteerd antwoord wordt vastgelegd zonder dat eerst elders geklikt hoeft te worden</li><li>Er treedt geen dataverlies op bij het invullen</li><li>Er treedt geen storende notify-melding op (bevinding Westerkwartier #12, ticket #4138)</li></ul>","3","inwonerportaal; zelf-regelen; aanvragen; epic-7; formulierlogica","2","New","Verius","Verius",""
"Feature","","Navigatie En Validatie In Aanvraagformulier","","<p>Levert duidelijke navigatie en correcte validatie in het aanvraagformulier: terug, afbreken, omkeerbare verplicht-markering, verwijderbare routes en logische plaatsing van het verplicht-teken (bevindingen Eemsdelta/MG en Westerkwartier). Dit voorkomt dat de inwoner vastloopt en houdt de inrichting herstelbaar.</p>","<ul><li>Er is een duidelijke Vorige-knop naast navigatie via pagina-overzicht/blokken</li><li>De optie Afbreken is op elke pagina zichtbaar, inclusief de laatste pagina</li><li>Het verplicht maken van een vraag is omkeerbaar</li><li>Een toegevoegde navigatie/route in een vragenlijsttemplate is verwijderbaar</li><li>Het verplicht-teken staat consistent en logisch bij de betreffende vraag</li></ul>","","inwonerportaal; zelf-regelen; aanvragen; epic-7; navigatie; validatie","2","New","Verius","Verius",""
"User Story","","","S7.4.1: Terug naar een vorige stap in het formulier","<p>Als inwoner</p><p>Ik wil in het formulier terug kunnen naar een vorige stap</p><p>Zodat ik antwoorden kan corrigeren</p>","<ul><li>Er is een duidelijke Vorige-knop, naast navigatie via het pagina-overzicht/blokken</li><li>Bij teruggaan blijven eerder ingevulde antwoorden behouden</li><li>Op de eerste pagina leidt teruggaan niet tot een fout (bevinding Eemsdelta #13)</li></ul>","2","inwonerportaal; zelf-regelen; aanvragen; epic-7; navigatie","2","New","Verius","Verius",""
"User Story","","","S7.4.2: Aanvraag op elk moment afbreken","<p>Als inwoner</p><p>Ik wil mijn aanvraag op elk moment kunnen afbreken</p><p>Zodat ik niet vastloop</p>","<ul><li>De optie Afbreken is op elke pagina zichtbaar, inclusief de laatste pagina</li><li>Na afbreken wordt de aanvraag niet als ingediende zaak verwerkt</li><li>Bevinding Eemsdelta #12 is afgedekt</li></ul>","2","inwonerportaal; zelf-regelen; aanvragen; epic-7; navigatie","2","New","Verius","Verius",""
"User Story","","","S7.4.3: Verplicht-markering aan- en uitzetten","<p>Als beheerder</p><p>Ik wil de verplicht-markering van een vraag kunnen aan- en uitzetten</p><p>Zodat ik fouten in de inrichting kan herstellen</p>","<ul><li>Het verplicht maken van een vraag is omkeerbaar</li><li>Na uitzetten is de vraag niet langer verplicht voor de inwoner</li><li>Bevindingen Eemsdelta #14 en Westerkwartier #10 (ticket #4009) zijn afgedekt</li></ul>","2","inwonerportaal; zelf-regelen; aanvragen; epic-7; validatie","2","New","Verius","Verius",""
"User Story","","","S7.4.4: Navigaties binnen vragenlijsttemplate verwijderen","<p>Als beheerder</p><p>Ik wil navigaties binnen een vragenlijsttemplate kunnen verwijderen</p><p>Zodat ik de routing kan corrigeren</p>","<ul><li>Een toegevoegde navigatie/route in een vragenlijsttemplate is verwijderbaar</li><li>Na verwijderen is de route niet langer actief in het formulier</li><li>Bevinding Westerkwartier #11 (ticket #4009) is afgedekt</li></ul>","2","inwonerportaal; zelf-regelen; aanvragen; epic-7; validatie","2","New","Verius","Verius",""
"User Story","","","S7.4.5: Verplicht-teken op een logische plek tonen","<p>Als inwoner</p><p>Ik wil dat het verplicht-teken (*) op een logische plek staat</p><p>Zodat het formulier leesbaar blijft</p>","<ul><li>Het verplicht-teken staat consistent en logisch bij de betreffende vraag (niet losgekoppeld onderaan een zin)</li><li>De plaatsing is consistent over alle verplichte vragen heen</li><li>Bevinding Westerkwartier #17 (ticket #4140) is afgedekt</li></ul>","1","inwonerportaal; zelf-regelen; aanvragen; epic-7; validatie","2","New","Verius","Verius",""
"Feature","","Bevestiging En Notificatie Van Aanvraag","","<p>Zorgt dat de inwoner na het indienen een bevestiging met samenvatting ontvangt (Eemsdelta/MG #5), met ondersteuning voor beveiligd mailen. Bij ontbreken van een e-mailadres wordt de inwoner vooraf gewezen op het uitblijven van een bevestiging.</p>","<ul><li>Na indienen wordt een bevestiging met samenvatting van de aanvraag verstuurd</li><li>Beveiligd mailen wordt ondersteund via de daarvoor bestemde module</li><li>Is geen e-mailadres bekend, dan wordt geen bevestiging verstuurd</li><li>De inwoner wordt vooraf gewezen op het uitblijven van een bevestiging zonder e-mailadres</li></ul>","","inwonerportaal; zelf-regelen; aanvragen; epic-7; bevestiging","2","New","Verius","Verius",""
"User Story","","","S7.5.1: Bevestiging met samenvatting ontvangen","<p>Als inwoner</p><p>Ik wil na het indienen een bevestiging met samenvatting ontvangen</p><p>Zodat ik weet dat mijn aanvraag is ontvangen</p>","<ul><li>Na indienen wordt een bevestiging met samenvatting van de aanvraag verstuurd</li><li>Beveiligd mailen wordt ondersteund (via de daarvoor bestemde module)</li><li>De samenvatting in de bevestiging komt overeen met de ingediende aanvraag</li></ul>","3","inwonerportaal; zelf-regelen; aanvragen; epic-7; bevestiging","2","New","Verius","Verius",""
"User Story","","","S7.5.2: Duidelijkheid bij onbekend e-mailadres","<p>Als inwoner</p><p>Ik wil duidelijkheid over de bevestiging wanneer mijn e-mailadres niet bekend is</p><p>Zodat ik niet ten onrechte op een bevestiging wacht</p>","<ul><li>Is er geen e-mailadres bekend, dan wordt geen bevestiging verstuurd</li><li>De inwoner wordt hier vooraf op gewezen (bij de afsluiting wordt aangegeven dat een e-mailadres nodig is voor de bevestiging)</li><li>Het ontbreken van een e-mailadres blokkeert het indienen van de aanvraag niet</li></ul>","2","inwonerportaal; zelf-regelen; aanvragen; epic-7; bevestiging","2","New","Verius","Verius",""
"Feature","","Privacy Bij Niet-voltooide Aanvragen (AVG)","","<p>Borgt AVG-conform werken bij niet-afgeronde aanvragen (Eemsdelta/MG #6, besluit C4): een aanvraag wordt pas een zaak bij indienen, en gegevens van niet-ingediende aanvragen of niet-inwoners worden geautomatiseerd opgeschoond met audit-logging. Dit voorkomt dat personen onterecht in het systeem blijven staan.</p>","<ul><li>Een aanvraag wordt pas een zaak op het moment van indienen</li><li>Gegevens van een gestarte, niet-ingediende aanvraag worden geautomatiseerd opgeschoond conform bewaarbeleid</li><li>Gegevens van een niet-inwoner zonder verdere bekendheid in X-Works worden geautomatiseerd opgeschoond</li><li>Elke opschoning wordt vastgelegd met audit-logging (wat, wanneer, op welke grond)</li><li>Een ingediende aanvraag wordt niet ten onrechte opgeschoond</li></ul>","","inwonerportaal; zelf-regelen; aanvragen; epic-7; avg; privacy","2","New","Verius","Verius",""
"User Story","","","S7.6.1: Niet-afgeronde aanvraag AVG-conform opschonen","<p>Als gemeente</p><p>Ik wil dat een persoon niet onterecht in het systeem blijft staan na een niet-afgeronde aanvraag</p><p>Zodat we AVG-conform werken</p>","<ul><li>Een aanvraag wordt pas een zaak op het moment van indienen</li><li>Persoonsgegevens die alleen door een gestarte, niet-ingediende aanvraag zijn aangemaakt worden geautomatiseerd opgeschoond conform bewaarbeleid (archiefwet-traject)</li><li>Elke opschoning wordt vastgelegd met passende audit-logging (wat, wanneer, op welke grond)</li><li>Gegevens van een ingediende aanvraag worden niet ten onrechte opgeschoond (besluit C4)</li></ul>","5","inwonerportaal; zelf-regelen; aanvragen; epic-7; avg; privacy","2","New","Verius","Verius",""
"User Story","","","S7.6.2: Gegevens van niet-inwoner opschonen","<p>Als gemeente</p><p>Ik wil dat gegevens van een inwoner die niet in onze gemeente woont worden opgeschoond</p><p>Zodat we geen onnodige gegevens bewaren</p>","<ul><li>Wanneer na DigiD-inlog blijkt dat de inwoner niet in de gemeente woont en er verder niets bij die persoon bekend is in X-Works, worden de aangemaakte gegevens geautomatiseerd opgeschoond</li><li>Deze opschoning wordt vastgelegd met passende audit-logging (wat, wanneer, op welke grond)</li><li>Is er wel iets over de persoon bekend in X-Works, dan wordt niet opgeschoond (bevinding Westerkwartier #25, besluit C4)</li></ul>","5","inwonerportaal; zelf-regelen; aanvragen; epic-7; avg; privacy","2","New","Verius","Verius",""
"Feature","","Mede-ondertekening En Helpers","","<p>Maakt rechtsgeldige mede-ondertekening van een aanvraag mogelijk na verplichte eigen DigiD-inlog van de partner (harde eis, besluit C3) en stelt de inwoner in staat een helper te betrekken (PvE NvI). Dit borgt herleidbaarheid van de medeondertekening en ondersteuning bij het invullen.</p>","<ul><li>De partner logt verplicht apart in via DigiD voordat hij/zij kan mede-ondertekenen</li><li>Ondertekenen zonder eigen DigiD-inlog is niet toegestaan</li><li>De mede-ondertekening is herleidbaar tot de DigiD-geidentificeerde partner</li><li>Na ondertekenen keert de gebruiker terug op de juiste plek (niet de beginpagina)</li><li>De inwoner kan een helper betrekken bij het doorlopen van een aanvraag</li></ul>","","inwonerportaal; zelf-regelen; aanvragen; epic-7; mede-ondertekening; helpers","1","New","Verius","Verius",""
"User Story","","","S7.7.1: Aanvraag mede-ondertekenen na eigen DigiD-inlog","<p>Als partner van de aanvrager</p><p>Ik wil een aanvraag betrouwbaar kunnen mede-ondertekenen na eigen DigiD-inlog</p><p>Zodat de medeondertekening rechtsgeldig en herleidbaar is</p>","<ul><li>De partner logt verplicht apart in via DigiD voordat hij/zij kan mede-ondertekenen; ondertekenen zonder eigen DigiD-inlog is niet toegestaan</li><li>De mede-ondertekening is herleidbaar tot de DigiD-geidentificeerde partner</li><li>Na ondertekenen keert de gebruiker terug op de juiste plek (niet de beginpagina)</li><li>Een poging tot ondertekenen zonder geslaagde eigen DigiD-inlog wordt geweigerd (harde eis, besluit C3)</li></ul>","5","inwonerportaal; zelf-regelen; aanvragen; epic-7; mede-ondertekening; digid","1","New","Verius","Verius",""
"User Story","","","S7.7.2: Helper betrekken bij een aanvraag","<p>Als inwoner</p><p>Ik wil een helper kunnen betrekken bij mijn aanvraag</p><p>Zodat iemand mij kan ondersteunen bij het invullen/indienen</p>","<ul><li>De inwoner kan een helper betrekken bij het doorlopen van een aanvraag</li><li>De helper kan de inwoner ondersteunen bij het invullen/indienen</li><li>Het betrekken van een helper laat de herleidbaarheid van de aanvraag tot de inwoner intact (PvE NvI self-service)</li></ul>","5","inwonerportaal; zelf-regelen; aanvragen; epic-7; helpers","2","New","Verius","Verius",""
"Feature","","Overzichtelijke Samenvatting","","<p>Toont de inwoner vooraf een overzichtelijke samenvatting van zijn aanvraag (bevinding Westerkwartier #19) zodat hij zijn antwoorden makkelijk kan controleren voor het indienen, met vraag en antwoord duidelijk gecombineerd.</p>","<ul><li>De samenvatting toont vraag en antwoord duidelijk gecombineerd en compact</li><li>De samenvatting is niet onnodig lang of losgekoppeld</li><li>De samenvatting komt overeen met de ingevulde antwoorden</li></ul>","","inwonerportaal; zelf-regelen; aanvragen; epic-7; samenvatting","2","New","Verius","Verius",""
"User Story","","","S7.8.1: Overzichtelijke samenvatting vooraf tonen","<p>Als inwoner</p><p>Ik wil voor het indienen een overzichtelijke samenvatting zien</p><p>Zodat ik mijn antwoorden makkelijk kan controleren</p>","<ul><li>De samenvatting toont vraag en antwoord duidelijk gecombineerd en compact (niet onnodig lang of losgekoppeld)</li><li>De samenvatting komt overeen met de daadwerkelijk ingevulde antwoorden</li><li>Bevinding Westerkwartier #19 is afgedekt</li></ul>","2","inwonerportaal; zelf-regelen; aanvragen; epic-7; samenvatting","2","New","Verius","Verius",""
"Feature","","Akkoord Geven Op Plannen","","<p>Stelt de inwoner in staat digitaal akkoord te geven op een (ondersteunings)plan (PvE Eis 58, U6) zodat papieren ondertekening vervalt. Het akkoord wordt herleidbaar vastgelegd bij de zaak/het plan en sluit aan op het Integraal Plan (Feature 10.2).</p>","<ul><li>De inwoner kan een plan inzien en daar digitaal akkoord op geven</li><li>Het gegeven akkoord wordt vastgelegd en is herleidbaar bij de betreffende zaak/het plan</li><li>Zonder akkoord blijft het plan ongetekend en wordt geen akkoord geregistreerd</li><li>Sluit aan op het Integraal Plan (Feature 10.2) wanneer die module actief is</li></ul>","","inwonerportaal; zelf-regelen; aanvragen; epic-7; akkoord","2","New","Verius","Verius",""
"User Story","","","S7.9.1: Digitaal akkoord geven op een plan","<p>Als inwoner</p><p>Ik wil digitaal akkoord kunnen geven op een (ondersteunings)plan</p><p>Zodat ik niet op papier hoef te tekenen</p>","<ul><li>De inwoner kan een plan inzien en daar digitaal akkoord op geven</li><li>Het gegeven akkoord wordt vastgelegd en is herleidbaar bij de betreffende zaak/het plan</li><li>Zonder bevestigd akkoord wordt geen akkoord geregistreerd</li><li>Sluit aan op het Integraal Plan (Feature 10.2) wanneer die module actief is (PvE Eis 58, U6)</li></ul>","5","inwonerportaal; zelf-regelen; aanvragen; epic-7; akkoord","2","New","Verius","Verius",""
"Feature","","Digitaal Herstel Van Onvolledige Aanvragen","","<p>Stelt de inwoner in staat een onvolledige aanvraag digitaal aan te vullen binnen de hersteltermijn (acceptatiecriteria O/K, PvE 35/58) zodat de behandeling doorloopt zonder papieren traject. De inwoner ziet wat ontbreekt en hoeveel tijd resteert.</p>","<ul><li>Bij een onvolledige aanvraag wordt de inwoner geinformeerd over wat ontbreekt en binnen welke hersteltermijn</li><li>De inwoner kan ontbrekende gegevens en/of documenten digitaal aanleveren bij de bestaande zaak (zie Feature 9.2)</li><li>De resterende hersteltermijn is voor de inwoner zichtbaar</li><li>Na tijdige aanvulling loopt de behandeling door en wordt het herstel vastgelegd bij de zaak</li><li>Een aanvulling na het verstrijken van de hersteltermijn wordt als zodanig herkenbaar afgehandeld</li></ul>","","inwonerportaal; zelf-regelen; aanvragen; epic-7; herstel","2","New","Verius","Verius",""
"User Story","","","S7.10.1: Onvolledige aanvraag digitaal aanvullen binnen hersteltermijn","<p>Als inwoner</p><p>Ik wil een onvolledige aanvraag digitaal kunnen aanvullen binnen de hersteltermijn</p><p>Zodat mijn aanvraag in behandeling kan blijven zonder papieren traject</p>","<ul><li>Bij een onvolledige aanvraag wordt de inwoner geinformeerd over wat ontbreekt en binnen welke hersteltermijn dit aangevuld moet worden</li><li>De inwoner kan de ontbrekende gegevens en/of documenten digitaal aanleveren bij de bestaande aanvraag/zaak (zie Feature 9.2)</li><li>De resterende hersteltermijn is voor de inwoner zichtbaar</li><li>Na (tijdige) aanvulling loopt de behandeling van de aanvraag door; het herstel wordt vastgelegd bij de zaak</li><li>Een aanvulling na het verstrijken van de hersteltermijn wordt herkenbaar afgehandeld</li></ul>","5","inwonerportaal; zelf-regelen; aanvragen; epic-7; herstel","2","New","Verius","Verius",""
"Epic","Inrichting En Beheer","","","<p>For (Who): functioneel beheerder die bepaalt wat zichtbaar en mogelijk is in het portaal</p><p>The (Is a): Inwonerportaal Verius Samen</p><p>That: publicatie en inrichting van zaaktype-processen, statussen, documenttypen, producten en webformulieren</p><p>Our solution: beheerfuncties die per onderdeel sturen wat de inwoner ziet, randvoorwaardelijk voor Epics 3 t/m 7, conform de niet-functionele PvE-kaders (U3/U4/U5)</p><p>Success criteria:</p><ul><li>Beheerder bepaalt per zaaktype-proces, status, documenttype en product de zichtbaarheid en publieksomschrijving</li><li>Webformulieren zijn in te richten en koppelbaar aan zaaktype-processen</li><li>Inrichting borgt geen dubbele registratie en geintegreerde processen</li></ul><p>In scope: functionele inrichting en publicatie</p><p>Out of scope: techniek-NFR's (performance/security/AVG-logging) buiten opschoning; deze horen in het project-/contractplan</p>","","","inwonerportaal; beheer; inrichting; epic-8","1","New","Verius","Verius",""
"Feature","","Zaaktype-processen Publiceren","","<p>Stelt de functioneel beheerder in staat per zaaktype-proces in te stellen of het zichtbaar is in het portaal zodat de juiste zaken onder Lopende zaken verschijnen. Per zichtbaar proces wordt de DigiD-inwonerrol gekoppeld en moeten bijbehorende statussen ook gepubliceerd zijn.</p>","<ul><li>Bij Omschrijving generiek wordt de publieksvriendelijke zaaknaam ingevuld</li><li>Per zichtbaar proces wordt de rol [_system] via DigiD ingelogde inwoner gekoppeld</li><li>Bij elk gepubliceerd proces moeten de bijbehorende statussen ook gepubliceerd zijn (zie Feature 8.2)</li><li>Een niet-gepubliceerd proces verschijnt niet onder Lopende zaken</li></ul>","","inwonerportaal; beheer; inrichting; epic-8; zaaktype","1","New","Verius","Verius",""
"User Story","","","S8.1.1: Zichtbaarheid van zaaktype-proces instellen","<p>Als functioneel beheerder</p><p>Ik wil per zaaktype-proces instellen of het zichtbaar is in het portaal</p><p>Zodat de juiste zaken onder Lopende zaken verschijnen</p>","<ul><li>Via Beheer > Zaaksysteem > Zaaktype processen (RC) wordt bij Omschrijving generiek de publieksvriendelijke zaaknaam ingevuld</li><li>Per zichtbaar proces wordt de rol [_system] via DigiD ingelogde inwoner gekoppeld onder Gekoppelde rollen / teams</li><li>Bij elk gepubliceerd proces moeten de bijbehorende statussen ook gepubliceerd zijn (zie Feature 8.2)</li><li>Een niet-gekoppeld of niet-gepubliceerd proces verschijnt niet bij de inwoner</li></ul>","3","inwonerportaal; beheer; inrichting; epic-8; zaaktype","2","New","Verius","Verius",""
"Feature","","Zaakstatussen Publiceren En Inrichten","","<p>Stelt de functioneel beheerder in staat bestaande zaakstatussen te publiceren met publieksvriendelijke omschrijving en nieuwe statussen toe te voegen en te koppelen, zodat de inwoner een begrijpelijke en actuele status ziet.</p>","<ul><li>Bij Omschrijving generiek wordt de publieksvriendelijke status ingevuld en Publiceren op digitaal loket aangevinkt</li><li>De zaak toont in het portaal de meest recente status waarbij dit vinkje aanstaat</li><li>Nieuwe statussen kunnen worden toegevoegd, gepubliceerd als processtap en gekoppeld aan zaaktype-proces en zaaktype</li><li>Een niet-gepubliceerde status wordt niet aan de inwoner getoond</li></ul>","","inwonerportaal; beheer; inrichting; epic-8; status","2","New","Verius","Verius",""
"User Story","","","S8.2.1: Bestaande zaakstatussen publiceren","<p>Als functioneel beheerder</p><p>Ik wil bestaande zaakstatussen publiceren op het portaal</p><p>Zodat de inwoner een begrijpelijke status ziet</p>","<ul><li>Via Beheer > Zaaksysteem > Zaakstatussen wordt bij Omschrijving generiek de publieksvriendelijke status ingevuld en Publiceren op digitaal loket aangevinkt</li><li>De zaak toont in het portaal de meest recente status waarbij dit vinkje aanstaat</li><li>Een status zonder aangevinkt vinkje wordt niet getoond</li></ul>","3","inwonerportaal; beheer; inrichting; epic-8; status","2","New","Verius","Verius",""
"User Story","","","S8.2.2: Nieuwe zaakstatussen toevoegen en koppelen","<p>Als functioneel beheerder</p><p>Ik wil nieuwe zaakstatussen kunnen toevoegen en koppelen</p><p>Zodat ik statussen kan tonen die nog niet bestaan</p>","<ul><li>Nieuwe status toevoegen, publiceren als processtap, koppelen aan het zaaktype-proces (Gekoppelde rule definities) en aan het zaaktype (Gekoppelde status(sen))</li><li>De nieuwe status verschijnt na publicatie bij de betreffende zaken</li><li>Een toegevoegde maar niet-gekoppelde status verschijnt niet bij de inwoner</li></ul>","3","inwonerportaal; beheer; inrichting; epic-8; status","2","New","Verius","Verius",""
"Feature","","Documenttypen Publiceren","","<p>Stelt de functioneel beheerder in staat per documenttype in te stellen of documenten zichtbaar zijn in het portaal en nieuwe documenttypen toe te voegen en te koppelen, zodat de juiste documenten van (nieuwe) aanvragen getoond worden.</p>","<ul><li>Bij Omschrijving generiek wordt de publieksvriendelijke naam ingevuld en Publiceren op digitaal loket aangevinkt</li><li>Nieuwe documenttypen kunnen worden toegevoegd en gekoppeld aan zaaktype-proces, zaaktype en documentsjablonen</li><li>Alleen gepubliceerde documenttypen worden in het portaal getoond</li><li>Een niet-gepubliceerd documenttype verschijnt niet bij de inwoner</li></ul>","","inwonerportaal; beheer; inrichting; epic-8; documenttype","2","New","Verius","Verius",""
"User Story","","","S8.3.1: Zichtbaarheid van documenttype instellen","<p>Als functioneel beheerder</p><p>Ik wil per documenttype instellen of documenten zichtbaar zijn in het portaal</p><p>Zodat de juiste documenten getoond worden</p>","<ul><li>Via Beheer > Zaaksysteem > Documenttypen wordt bij Omschrijving generiek de publieksvriendelijke naam ingevuld en Publiceren op digitaal loket aangevinkt</li><li>Alleen gepubliceerde documenttypen worden in het portaal getoond</li><li>Een niet-gepubliceerd documenttype verschijnt niet bij de inwoner</li></ul>","3","inwonerportaal; beheer; inrichting; epic-8; documenttype","2","New","Verius","Verius",""
"User Story","","","S8.3.2: Nieuwe documenttypen toevoegen en koppelen","<p>Als functioneel beheerder</p><p>Ik wil nieuwe documenttypen kunnen toevoegen en koppelen</p><p>Zodat documenten van nieuwe aanvragen getoond kunnen worden</p>","<ul><li>Nieuw documenttype toevoegen, koppelen aan zaaktype-proces, zaaktype (Gekoppelde documenttype(n)) en waar nodig aan documentsjablonen</li><li>Het gekoppelde en gepubliceerde documenttype verschijnt bij de betreffende documenten</li><li>Een toegevoegd maar niet-gekoppeld documenttype verschijnt niet bij de inwoner</li></ul>","3","inwonerportaal; beheer; inrichting; epic-8; documenttype","2","New","Verius","Verius",""
"Feature","","Producten En Omschrijvingen Inrichten","","<p>Stelt de functioneel beheerder in staat de publieksomschrijving van producten in te stellen zodat Wmo-, Jeugdwet- en uitkeringsregels begrijpelijk worden weergegeven in het portaal.</p>","<ul><li>Bij Omschrijving generiek wordt de portaal-omschrijving ingevuld per product (kostensoort/verstrekking)</li><li>De ingevulde omschrijving verschijnt bij de betreffende voorzieningen en uitkeringen</li><li>Een product zonder generieke omschrijving valt herkenbaar terug op een passende weergave in plaats van een interne code</li></ul>","","inwonerportaal; beheer; inrichting; epic-8; producten","2","New","Verius","Verius",""
"User Story","","","S8.4.1: Publieksomschrijving van producten instellen","<p>Als functioneel beheerder</p><p>Ik wil de publieksomschrijving van producten instellen</p><p>Zodat Wmo-, Jeugdwet- en uitkeringsregels begrijpelijk worden weergegeven</p>","<ul><li>Via Beheer > Producten wordt bij Omschrijving generiek de portaal-omschrijving ingevuld per product (kostensoort/verstrekking)</li><li>De ingevulde omschrijving verschijnt bij de betreffende voorzieningen/uitkeringen in het portaal</li><li>Een product zonder generieke omschrijving toont geen interne code aan de inwoner</li></ul>","2","inwonerportaal; beheer; inrichting; epic-8; producten","2","New","Verius","Verius",""
"Feature","","Aanvragen En Webformulieren Inrichten","","<p>Stelt de functioneel beheerder in staat webformulieren in te richten conform de Freshdesk-handleiding, meerdere formulieren aan een zaaktype-proces te koppelen (Westerkwartier #3) en de ontwerpkeuze rond gecombineerde aanvragen vast te leggen (Westerkwartier #22). Dit voorkomt dubbele inrichting.</p>","<ul><li>Inrichting verloopt conform de handleiding Webformulieren (Freshdesk)</li><li>Meerdere webformulieren/vragenlijsten kunnen aan een zaaktype-proces gekoppeld worden</li><li>De ontwerpkeuze rond meerdere/gecombineerde digitale aanvragen per zaak is vastgelegd</li><li>Het portaal haalt de webformulier-/vragenlijstdefinitie dynamisch uit X-Works op (een bron, geen eigen kopie)</li><li>Een onjuist of niet-gekoppeld formulier leidt niet tot een startbare aanvraag voor de inwoner</li></ul>","","inwonerportaal; beheer; inrichting; epic-8; webformulieren","2","New","Verius","Verius",""
"User Story","","","S8.5.1: Webformulieren inrichten","<p>Als functioneel beheerder</p><p>Ik wil webformulieren inrichten</p><p>Zodat inwoners zelfstandig aanvragen kunnen indienen</p>","<ul><li>Inrichting verloopt conform de handleiding Webformulieren (Freshdesk)</li><li>Een ingericht en gekoppeld webformulier is door de inwoner startbaar</li><li>Een onvolledig ingericht formulier wordt niet als startbare aanvraag aangeboden</li></ul>","3","inwonerportaal; beheer; inrichting; epic-8; webformulieren","2","New","Verius","Verius",""
"User Story","","","S8.5.2: Meerdere webformulieren aan een zaaktype-proces koppelen","<p>Als functioneel beheerder</p><p>Ik wil meerdere webformulieren/vragenlijsten kunnen koppelen aan een zaaktype-proces</p><p>Zodat een zaaktype via verschillende formulieren gestart kan worden</p>","<ul><li>Een zaaktype-proces kan meerdere processtappen Vragenlijst / webformulieren bevatten</li><li>Elk gekoppeld formulier kan het zaaktype-proces starten</li><li>Bevinding Westerkwartier #3 is afgedekt</li></ul>","3","inwonerportaal; beheer; inrichting; epic-8; webformulieren","2","New","Verius","Verius",""
"User Story","","","S8.5.3: Ontwerpkeuze digitale en fysieke aanvragen vastleggen","<p>Als functioneel beheerder</p><p>Ik wil weten hoe digitale en fysieke aanvragen zich verhouden en of meerdere digitale aanvragen aan een zaak gekoppeld kunnen worden</p><p>Zodat ik dubbele inrichting voorkom</p>","<ul><li>Ontwerpkeuze vast te leggen: kunnen meerdere digitale aanvragen (bijv. verschillende aanvragen bijzondere bijstand) in een proces/zaak gecombineerd worden, of is gescheiden inrichting nodig</li><li>De vastgelegde keuze is herleidbaar voor de inrichting (bevinding Westerkwartier #22, C2 nog open)</li><li>Zonder vastgelegde keuze wordt geen dubbele inrichting afgedwongen</li></ul>","3","inwonerportaal; beheer; inrichting; epic-8; webformulieren","2","New","Verius","Verius",""
"User Story","","","S8.5.4: Vragenlijstdefinitie dynamisch uit X-Works ophalen","<p>Als systeem</p><p>Ik wil de vragenlijst-/webformulier-definitie dynamisch uit X-Works ophalen</p><p>Zodat het portaal formulieren toont vanuit een bron zonder eigen kopie en het beheer in X-Works blijft</p>","<ul><li>Het portaal haalt de catalogus van beschikbare vragenlijsten op uit X-Works (query over VRAGENLIJSTTEMPLATE per ADMINISTRATION)</li><li>Het portaal haalt per formulier de volledige definitie (vragen, veldtypen/widgets, opties, condities, routing) op uit X-Works (wiz-vltmpl00-getocc, VRAGENLIJSTTEMPLATE.SC_XMLDATA)</li><li>Het portaal houdt geen eigen kopie van de template aan; een wijziging in de inrichting is na ophalen direct zichtbaar voor de inwoner</li><li>Veldtypen, verplicht-markering en opties komen uit de metadata (CD_WIDGETTYPE, CD_BRONANTWOORD/VC_BRONANTWOORD)</li><li>Bij een onbekend/niet-gepubliceerd formulier of een mislukte ophaalactie krijgt de inwoner een nette foutmelding, geen halve render</li></ul>","5","inwonerportaal; beheer; inrichting; epic-8; webformulieren; integratie; enabler","1","New","Verius","Verius",""
"Epic","Notificaties En Tweerichtingscommunicatie","","","<p>For (Who): inwoner die actief geinformeerd wil worden en wil communiceren met de gemeente</p><p>The (Is a): Inwonerportaal Verius Samen</p><p>That: notificaties bij voortgang, aanleveren van documenten bij een bestaande zaak en tweerichtingsberichten met de professional</p><p>Our solution: notificaties bij statuswijziging/besluit, uploadfunctie bij lopende zaken en een berichtenkanaal met de behandelend professional (PvE NvI, bevindingen Westerkwartier #4/#28)</p><p>Success criteria:</p><ul><li>Inwoner ontvangt notificatie bij statuswijziging of besluit</li><li>Inwoner kan aanvullende stukken bij een bestaande zaak aanleveren</li><li>Inwoner en professional kunnen berichten uitwisselen gekoppeld aan de zaak</li></ul><p>In scope: notificaties, documentupload bij zaak en tweerichtingsberichten</p><p>Out of scope: nieuwe zaak starten via upload (gaat via Epic 7)</p>","","","inwonerportaal; communicatie; notificaties; epic-9","2","New","Verius","Verius",""
"Feature","","Notificaties Bij Voortgang","","<p>Informeert de inwoner actief bij een statuswijziging of genomen besluit via een in te richten kanaal en stelt de gemeente in staat aanvullende stukken op te vragen (bevindingen Westerkwartier #4/#28). Dit voorkomt dat de inwoner zelf moet blijven controleren.</p>","<ul><li>Bij een statuswijziging of besluit ontvangt de inwoner een notificatie</li><li>Het kanaal is in te richten: portaalnotificatie, e-mail en/of sms</li><li>Notificaties houden rekening met beveiligd mailen waar nodig</li><li>De gemeente kan een verzoek om aanvullende stukken naar de inwoner sturen</li></ul>","","inwonerportaal; communicatie; notificaties; epic-9; notificatie","2","New","Verius","Verius",""
"User Story","","","S9.1.1: Notificatie bij statuswijziging of besluit ontvangen","<p>Als inwoner</p><p>Ik wil een notificatie ontvangen bij een statuswijziging of genomen besluit</p><p>Zodat ik op de hoogte blijf zonder zelf te hoeven controleren</p>","<ul><li>Bij een statuswijziging of besluit ontvangt de inwoner een notificatie (kanaal in te richten: portaalnotificatie, e-mail en/of sms)</li><li>Notificaties houden rekening met beveiligd mailen waar nodig (zie Feature 7.5)</li><li>Bij ontbrekend e-mailadres/telefoonnummer wordt geen mislukte notificatie afgedwongen</li></ul>","3","inwonerportaal; communicatie; notificaties; epic-9; notificatie","2","New","Verius","Verius",""
"User Story","","","S9.1.2: Verzoek om aanvullende stukken sturen","<p>Als gemeente</p><p>Ik wil de inwoner kunnen verzoeken aanvullende stukken aan te leveren</p><p>Zodat de behandeling kan doorlopen</p>","<ul><li>De gemeente kan een verzoek om aanvullende stukken naar de inwoner sturen</li><li>De inwoner ontvangt het verzoek via het ingerichte notificatiekanaal</li><li>Het verzoek is gekoppeld aan de betreffende zaak</li></ul>","3","inwonerportaal; communicatie; notificaties; epic-9; notificatie","2","New","Verius","Verius",""
"Feature","","Documenten Aanleveren Bij Bestaande Zaak","","<p>Stelt de inwoner in staat aanvullende bewijsstukken toe te voegen aan een bestaande aanvraag/zaak (bevinding Westerkwartier #28) zonder een nieuwe zaak te starten, zodat het voor inwoner en medewerker efficient en overzichtelijk blijft.</p>","<ul><li>De inwoner kan documenten uploaden bij een lopende zaak</li><li>Aangeleverde stukken komen bij de bestaande zaak terecht, niet als losse nieuwe zaak</li><li>De upload is herkenbaar gekoppeld aan de juiste zaak</li><li>Een mislukte of leeg geuploade upload wordt niet als geldig stuk geregistreerd</li></ul>","","inwonerportaal; communicatie; notificaties; epic-9; upload","2","New","Verius","Verius",""
"User Story","","","S9.2.1: Bewijsstukken toevoegen aan bestaande zaak","<p>Als inwoner</p><p>Ik wil aanvullende bewijsstukken kunnen toevoegen aan een bestaande aanvraag/zaak</p><p>Zodat ik hiervoor geen nieuwe zaak hoef te starten</p>","<ul><li>De inwoner kan documenten uploaden bij een lopende zaak</li><li>Aangeleverde stukken komen bij de bestaande zaak terecht (niet als losse nieuwe zaak), zodat het voor inwoner en medewerker efficient en overzichtelijk blijft</li><li>Een mislukte of lege upload wordt niet als geldig stuk bij de zaak geregistreerd (bevinding Westerkwartier #28)</li></ul>","3","inwonerportaal; communicatie; notificaties; epic-9; upload","2","New","Verius","Verius",""
"Feature","","Tweerichtingsberichten Met Professional","","<p>Stelt de inwoner in staat berichten te sturen naar en te ontvangen van de behandelend professional (PvE NvI self-service), gekoppeld aan de betreffende zaak/aanvraag, zodat communicatie direct in het portaal verloopt.</p>","<ul><li>De inwoner kan een bericht naar de behandelend professional sturen</li><li>De inwoner ontvangt en leest reacties van de professional in het portaal</li><li>Berichten zijn gekoppeld aan de betreffende zaak/aanvraag</li><li>Een bericht zonder gekoppelde zaak wordt niet ongericht verzonden</li></ul>","","inwonerportaal; communicatie; notificaties; epic-9; berichten","2","New","Verius","Verius",""
"User Story","","","S9.3.1: Berichten uitwisselen met de professional","<p>Als inwoner</p><p>Ik wil berichten kunnen sturen naar en ontvangen van de gemeenteprofessional</p><p>Zodat ik direct in het portaal kan communiceren over mijn aanvraag/zaak</p>","<ul><li>De inwoner kan een bericht naar de behandelend professional sturen</li><li>De inwoner ontvangt en leest reacties van de professional in het portaal</li><li>Berichten zijn gekoppeld aan de betreffende zaak/aanvraag</li><li>Een leeg bericht wordt niet verzonden (PvE NvI self-service)</li></ul>","5","inwonerportaal; communicatie; notificaties; epic-9; berichten","2","New","Verius","Verius",""
"Epic","Optionele Modules Via WIZportaal-koppeling","","","<p>For (Who): inwoner, gemeente en contactpersoon bij gemeenten die WIZportaal-modules gebruiken</p><p>The (Is a): Inwonerportaal Verius Samen</p><p>That: configureerbare, per omgeving in- en uitschakelbare modules uit een tweede systeem (afspraken, integraal plan, toegangsbeheer, contactpersonenportaal en alternatieve inlog)</p><p>Our solution: optionele modules ontsloten binnen het ene integrale portaal (conform U1), afhankelijk van een WIZportaal-koppeling en uitschakelbaar bij ontbreken daarvan</p><p>Success criteria:</p><ul><li>Elke module is per omgeving/gemeente aan/uit te zetten</li><li>Bij ontbrekende koppeling of inrichting is de module niet zichtbaar voor de inwoner</li><li>Reeds elders afgedekte functionaliteit wordt niet herhaald</li></ul><p>In scope: afspraken, integraal plan, toegangsbeheer, contactpersonenportaal, alternatieve inlog</p><p>Out of scope: functionaliteit al gedekt in Epic 1 (DigiD) en Feature 9.2/Story 9.1.2 (upload + melding)</p>","","","inwonerportaal; wizportaal; optioneel; configureerbaar; epic-10","2","New","Verius","Verius",""
"Feature","","Afspraken Inzien","","<p>Stelt de inwoner in staat zijn geplande afspraken in te zien, overeenkomend met de agenda-items uit WIZportaal. De module is configureerbaar en alleen actief bij een werkende agenda-koppeling.</p>","<ul><li>De inwoner ziet alle geplande afspraken; afspraken uit het verleden zijn niet zichtbaar</li><li>De afspraken komen overeen met de agenda-items uit WIZportaal</li><li>De module Afspraken is aan/uit te zetten</li><li>Zonder werkende agenda-koppeling is de module niet actief/zichtbaar</li></ul>","","inwonerportaal; wizportaal; optioneel; configureerbaar; epic-10; afspraken","2","New","Verius","Verius",""
"User Story","","","S10.1.1: Geplande afspraken inzien","<p>Als inwoner</p><p>Ik wil mijn geplande afspraken inzien</p><p>Zodat ik weet wat er gepland staat</p>","<ul><li>De inwoner ziet alle geplande afspraken; afspraken uit het verleden zijn niet zichtbaar</li><li>De afspraken komen overeen met de agenda-items uit WIZportaal</li><li>De module Afspraken is aan/uit te zetten en is alleen actief bij een werkende agenda-koppeling met WIZportaal</li><li>Zonder koppeling is de module niet zichtbaar voor de inwoner</li></ul>","3","inwonerportaal; wizportaal; optioneel; configureerbaar; epic-10; afspraken","2","New","Verius","Verius",""
"Feature","","Integraal Plan","","<p>Stelt de inwoner in staat zijn Integraal Plan in te zien en aan te vullen met acties en voortgang bij doelen, terwijl de gemeente de toegang per groepering regelt. De module is configureerbaar en vereist inrichting in WIZportaal.</p>","<ul><li>De inwoner kan het Integraal Plan inzien en aanvullen</li><li>De inwoner kan acties en voortgang toevoegen bij doelen</li><li>Toegang (inzien/bewerken) is per groepering instelbaar</li><li>Zonder inrichting/koppeling in WIZportaal is de module niet beschikbaar</li></ul>","","inwonerportaal; wizportaal; optioneel; configureerbaar; epic-10; integraal-plan","2","New","Verius","Verius",""
"User Story","","","S10.2.1: Integraal Plan inzien en aanvullen","<p>Als inwoner</p><p>Ik wil mijn Integraal Plan inzien en aanvullen</p><p>Zodat ik kan meewerken aan mijn eigen plan</p>","<ul><li>De inwoner kan het Integraal Plan inzien en aanvullen</li><li>De inwoner kan acties en voortgang toevoegen bij doelen</li><li>Voorwaarde: het Integraal Plan is eerst ingericht in WIZportaal</li><li>Zonder inrichting in WIZportaal is de module niet beschikbaar</li></ul>","5","inwonerportaal; wizportaal; optioneel; configureerbaar; epic-10; integraal-plan","2","New","Verius","Verius",""
"User Story","","","S10.2.2: Toegang tot Integraal Plan regelen","<p>Als gemeente</p><p>Ik wil de toegang tot het Integraal Plan kunnen regelen</p><p>Zodat de inwoner alleen ziet/bewerkt wat is toegestaan</p>","<ul><li>Toegang (inzien/bewerken) is per groepering instelbaar</li><li>De module Integraal Plan is aan/uit te zetten</li><li>Zonder inrichting/koppeling in WIZportaal is de module niet beschikbaar</li><li>Een inwoner ziet of bewerkt niet meer dan toegestaan per groepering</li></ul>","5","inwonerportaal; wizportaal; optioneel; configureerbaar; epic-10; integraal-plan","2","New","Verius","Verius",""
"Feature","","Toegang En Zichtbaarheid (beheer)","","<p>Stelt de gemeente in staat per persoon en per traject te bepalen wat zichtbaar is in het inwonerportaal en geeft de toegewezen professional inzage in de burgerpagina. Dit borgt dat alleen passende informatie wordt getoond.</p>","<ul><li>Toegang voor de inwoner wordt verleend door inzage in eigen dossier op ja te zetten</li><li>Per traject is traject onzichtbaar voor persoon in/uit te schakelen</li><li>Instelling is configureerbaar per persoon en per traject</li><li>De professional kan de burgerpagina via de persoonspagina openen</li></ul>","","inwonerportaal; wizportaal; optioneel; configureerbaar; epic-10; toegang","2","New","Verius","Verius",""
"User Story","","","S10.3.1: Zichtbaarheid per persoon en traject bepalen","<p>Als gemeente</p><p>Ik wil per persoon en per traject bepalen wat zichtbaar is in het inwonerportaal</p><p>Zodat alleen passende informatie wordt getoond</p>","<ul><li>Toegang voor de inwoner wordt verleend door inzage in eigen dossier op ja te zetten op de persoonsdetailpagina</li><li>Per traject is traject onzichtbaar voor persoon in/uit te schakelen</li><li>Instelling is configureerbaar per persoon en per traject</li><li>Een traject dat op onzichtbaar staat wordt niet aan de inwoner getoond</li></ul>","3","inwonerportaal; wizportaal; optioneel; configureerbaar; epic-10; toegang","2","New","Verius","Verius",""
"User Story","","","S10.3.2: Burgerpagina van inwoner inzien","<p>Als toegewezen professional</p><p>Ik wil het inwonerportaal van de inwoner kunnen inzien</p><p>Zodat ik kan zien wat de inwoner ziet</p>","<ul><li>De professional opent de burgerpagina via de persoonspagina (drie puntjes naast de naam, burgerpagina)</li><li>De burgerpagina toont wat de inwoner zelf ziet</li><li>Een niet-toegewezen professional krijgt geen inzage in de burgerpagina</li></ul>","3","inwonerportaal; wizportaal; optioneel; configureerbaar; epic-10; toegang","2","New","Verius","Verius",""
"Feature","","Contactpersonenportaal","","<p>Biedt externe contactpersonen (bijv. zorgverleners) via een eigen portaal inzage in het Integraal Plan, met door de gemeente instelbare toegang en rechten per contactpersoon en automatisch toegestuurde inloggegevens. Het portaal is als geheel configureerbaar en afhankelijk van de WIZportaal-koppeling.</p>","<ul><li>Er is een apart contactpersonenportaal, bereikbaar via dezelfde URL als WIZportaal</li><li>Toegang en rechten zijn per contactpersoon en per Integraal Plan instelbaar</li><li>De contactpersoon ontvangt automatisch een e-mail met inloggegevens</li><li>Het contactpersonenportaal is als geheel aan/uit te zetten en afhankelijk van de WIZportaal-koppeling</li></ul>","","inwonerportaal; wizportaal; optioneel; configureerbaar; epic-10; contactpersoon","2","New","Verius","Verius",""
"User Story","","","S10.4.1: Contactpersoon inzage in Integraal Plan","<p>Als contactpersoon (bijv. zorgverlener of professional van een andere organisatie)</p><p>Ik wil via een eigen portaal inzage hebben in het Integraal Plan</p><p>Zodat ik kan meekijken/meewerken</p>","<ul><li>Er is een apart contactpersonenportaal, bereikbaar via dezelfde URL als WIZportaal</li><li>De contactpersoon ziet het Integraal Plan waarvoor inzage is verleend</li><li>Zonder verleende inzage of zonder WIZportaal-koppeling is geen inzage mogelijk</li></ul>","3","inwonerportaal; wizportaal; optioneel; configureerbaar; epic-10; contactpersoon","2","New","Verius","Verius",""
"User Story","","","S10.4.2: Toegang en rechten van contactpersoon regelen","<p>Als gemeente</p><p>Ik wil de toegang en rechten van een contactpersoon kunnen regelen</p><p>Zodat deze alleen ziet/doet wat is toegestaan</p>","<ul><li>Toegang (inzage in traject) en rechten zijn per contactpersoon en per Integraal Plan instelbaar</li><li>Een contactpersoon ziet/doet niet meer dan toegestaan</li><li>Het contactpersonenportaal is als geheel aan/uit te zetten en afhankelijk van de WIZportaal-koppeling</li></ul>","3","inwonerportaal; wizportaal; optioneel; configureerbaar; epic-10; contactpersoon","2","New","Verius","Verius",""
"User Story","","","S10.4.3: Inloggegevens automatisch ontvangen","<p>Als contactpersoon</p><p>Ik wil automatisch mijn inloggegevens ontvangen</p><p>Zodat ik direct toegang heb</p>","<ul><li>De contactpersoon ontvangt automatisch een e-mail met de inloggegevens voor het contactpersonenportaal</li><li>De toegestuurde inloggegevens geven toegang tot het juiste portaal</li><li>Zonder bekend e-mailadres wordt geen mislukte verzending afgedwongen</li></ul>","3","inwonerportaal; wizportaal; optioneel; configureerbaar; epic-10; contactpersoon","2","New","Verius","Verius",""
"Feature","","Alternatieve Toegang En Inlog (optioneel)","","<p>Biedt de optionele WIZ-variant van inloggen op het inwonerportaal via dezelfde URL als WIZportaal, met een optionele DigiD-koppeling zonder machtigingsservice. Deze variant is configureerbaar en staat los van de verplichte DigiD-inlog in Epic 1.</p>","<ul><li>Inloggen gaat via dezelfde URL als WIZportaal (voor professionals)</li><li>Een DigiD-koppeling is optioneel (zonder machtigingsservice)</li><li>Of en hoe DigiD-inlog wordt gebruikt is instelbaar</li><li>Deze WIZ-variant staat los van de verplichte DigiD-inlog in Epic 1 voor het X-Works-portaal</li></ul>","","inwonerportaal; wizportaal; optioneel; configureerbaar; epic-10; inlog","2","New","Verius","Verius",""
"User Story","","","S10.5.1: Inloggen op het WIZ-inwonerportaal","<p>Als inwoner</p><p>Ik wil kunnen inloggen op het WIZ-inwonerportaal, eventueel via DigiD</p><p>Zodat ik toegang heb tot mijn dossier</p>","<ul><li>Inloggen gaat via dezelfde URL als WIZportaal (voor professionals)</li><li>Een DigiD-koppeling is optioneel (zonder machtigingsservice)</li><li>Of en hoe DigiD-inlog wordt gebruikt is instelbaar; deze WIZ-variant staat los van de verplichte DigiD-inlog in Epic 1 voor het X-Works-portaal</li><li>Is de WIZ-variant uitgeschakeld, dan is deze inlog niet beschikbaar</li></ul>","5","inwonerportaal; wizportaal; optioneel; configureerbaar; epic-10; inlog","2","New","Verius","Verius",""
